customer_id,demand
C1,141
C2,174
C3,172
C4,146
C5,200
C6,159
C7,91
C8,187
C9,161
C10,169
C11,159
C12,158
C13,92
C14,158
C15,192
C16,122
C17,165
C18,84
C19,128
C20,141
C21,218
C22,110
C23,118
C24,137
C25,219
C26,200
C27,84
C28,112
C29,195
C30,88
C31,200
C32,119
C33,209
C34,121
C35,141
C36,173
C37,97
C38,158
C39,151
C40,190
